{
  "train_loss": [
    1.645956306881871,
    1.387031590352293,
    1.2066520687009468,
    1.0434097255420909,
    0.9644502878747444,
    0.8696362712623364,
    0.8008713920445856,
    0.747706265304351,
    0.6474180171305458,
    0.5872140932976502,
    0.5503855188501523,
    0.5102699998530627,
    0.4726567913274296,
    0.43548070644606474,
    0.4240689630111989,
    0.3883425067124378,
    0.3517043071273339,
    0.34909076538521455,
    0.3228464784052668,
    0.31841054586671835,
    0.30316247914937394,
    0.2934531062771621,
    0.2895776374697406,
    0.28334167976569236,
    0.2837468819819234,
    0.2739082799583185,
    0.2655940443905511,
    0.26925486392522585,
    0.2663999099362929,
    0.2633432659388147,
    0.2686420993866351,
    0.25808977996995913,
    0.25986613029618455,
    0.2572024515906318,
    0.25586454155015165,
    0.254799128800142,
    0.2546038559225739,
    0.25555892075811115,
    0.25226984516798195,
    0.2531460750089038,
    0.2515507790606809,
    0.2516148807851715,
    0.25250602466440314,
    0.2517678341206678,
    0.25146948000027924,
    0.2513512529310633,
    0.2516560909061298,
    0.25032980603970745,
    0.25080182806390233,
    0.24985257516979334
  ],
  "val_loss": [
    1.5447797516117925,
    1.3680873590966929,
    1.2237963469132134,
    1.2662253949953162,
    1.1317251817039822,
    1.1599842284036719,
    1.0365088607953943,
    1.0350046715010768,
    0.9306682866552601,
    1.054243953331657,
    0.9174094770265662,
    0.957465288431748,
    0.9966382513875547,
    0.9241768601148025,
    0.9214921554793483,
    0.9842319980911587,
    0.8732784520024839,
    0.869463324546814,
    0.8882358164890952,
    0.9053315649861875,
    0.8859052994976873,
    0.8904406182143999,
    0.8032016909640768,
    0.8666543364524841,
    0.9114962971728781,
    0.861998896236005,
    0.8410871313965839,
    0.9126585644224415,
    0.8468111740506213,
    0.8667787792889968,
    0.8878952238870703,
    0.8185250474059064,
    0.9032156376735024,
    0.8401959408884463,
    0.836342656094095,
    0.82655930519104,
    0.820297984973244,
    0.8545939416989036,
    0.8486755982689236,
    0.8209849427575651,
    0.8820556894592617,
    0.8355470183102981,
    0.8401968919712565,
    0.8419755502887394,
    0.8395365930121877,
    0.8378133553525676,
    0.8240193789419921,
    0.8419826510159866,
    0.8177346690841343,
    0.8208945898906045
  ],
  "val_acc": [
    0.3695652173913043,
    0.483695652173913,
    0.5163043478260869,
    0.4782608695652174,
    0.532608695652174,
    0.5489130434782609,
    0.6195652173913043,
    0.6032608695652174,
    0.6739130434782609,
    0.6141304347826086,
    0.6793478260869565,
    0.6739130434782609,
    0.6847826086956522,
    0.7119565217391305,
    0.717391304347826,
    0.717391304347826,
    0.7445652173913043,
    0.7391304347826086,
    0.7228260869565217,
    0.7336956521739131,
    0.7554347826086957,
    0.75,
    0.7771739130434783,
    0.7445652173913043,
    0.7336956521739131,
    0.7663043478260869,
    0.7608695652173914,
    0.75,
    0.7934782608695652,
    0.7717391304347826,
    0.7554347826086957,
    0.7608695652173914,
    0.7554347826086957,
    0.7717391304347826,
    0.7445652173913043,
    0.7771739130434783,
    0.782608695652174,
    0.782608695652174,
    0.7880434782608695,
    0.782608695652174,
    0.7717391304347826,
    0.7934782608695652,
    0.8043478260869565,
    0.7989130434782609,
    0.8043478260869565,
    0.7989130434782609,
    0.7989130434782609,
    0.7771739130434783,
    0.7934782608695652,
    0.8152173913043478
  ],
  "lr": [
    0.0001,
    9.991120277927223e-05,
    9.964516155915151e-05,
    9.920292628279099e-05,
    9.85862422507884e-05,
    9.779754323328191e-05,
    9.683994186497131e-05,
    9.571721736097089e-05,
    9.443380060197386e-05,
    9.299475664759068e-05,
    9.140576474687264e-05,
    8.967309592491052e-05,
    8.780358823396352e-05,
    8.5804619766791e-05,
    8.368407953869104e-05,
    8.145033635316131e-05,
    7.911220577405486e-05,
    7.66789153345772e-05,
    7.416006812042828e-05,
    7.156560487081053e-05,
    6.890576474687264e-05,
    6.619104492241848e-05,
    6.343215915635763e-05,
    6.063999551039372e-05,
    5.7825573378819125e-05,
    5.5000000000000016e-05,
    5.217442662118091e-05,
    4.936000448960633e-05,
    4.6567840843642404e-05,
    4.380895507758155e-05,
    4.109423525312739e-05,
    3.843439512918952e-05,
    3.5839931879571745e-05,
    3.332108466542282e-05,
    3.0887794225945154e-05,
    2.8549663646838724e-05,
    2.6315920461308974e-05,
    2.4195380233209022e-05,
    2.2196411766036502e-05,
    2.03269040750895e-05,
    1.8594235253127378e-05,
    1.700524335240934e-05,
    1.5566199398026146e-05,
    1.4282782639029135e-05,
    1.3160058135028695e-05,
    1.2202456766718095e-05,
    1.1413757749211609e-05,
    1.0797073717209009e-05,
    1.0354838440848501e-05,
    1.0088797220727781e-05
  ]
}