{
  "train_loss": [
    1.9148177055114093,
    1.8345504935412484,
    1.7314335146052315,
    1.6224082676484624,
    1.5038140916569347,
    1.4107561952927534,
    1.344591081461167,
    1.2326517452530683,
    1.1519617039889576,
    1.103700430316721,
    1.0440768889564882,
    0.9739785372892166,
    0.8969766016312462,
    0.8585855234115519,
    0.819590562805135,
    0.7831686639530774,
    0.7469665962744524,
    0.7038231112740256,
    0.6670027572840931,
    0.6384531393408138,
    0.5927410014172926,
    0.5823141588246759,
    0.5619031664203195
  ],
  "val_loss": [
    1.8944087505340577,
    1.7918649911880493,
    1.7050065755844117,
    1.646651816368103,
    1.5646677017211914,
    1.538482141494751,
    1.4838322401046753,
    1.4486886262893677,
    1.4253949880599976,
    1.401182508468628,
    1.3770910978317261,
    1.3499268770217896,
    1.3514387369155885,
    1.3313340425491333,
    1.3132661581039429,
    1.324029541015625,
    1.2939873218536377,
    1.294728684425354,
    1.2997493982315063,
    1.304832112789154,
    1.282894217967987,
    1.2965667963027954,
    1.2843356609344483
  ],
  "val_acc": [
    0.2375,
    0.2625,
    0.2875,
    0.2875,
    0.3625,
    0.375,
    0.4,
    0.4,
    0.45,
    0.4625,
    0.4625,
    0.4375,
    0.4625,
    0.4375,
    0.475,
    0.4875,
    0.5375,
    0.525,
    0.5375,
    0.5125,
    0.5125,
    0.5,
    0.55
  ],
  "lr": [
    0.0001,
    9.981884322978577e-05,
    9.927683148693835e-05,
    9.837832873131341e-05,
    9.71305691787882e-05,
    9.554359905560887e-05,
    9.363019571208399e-05,
    9.140576474687265e-05,
    8.888821597016251e-05,
    8.609781920440892e-05,
    8.305704108364303e-05,
    7.979036416534463e-05,
    7.632408981128495e-05,
    7.268612642442658e-05,
    6.890576474687264e-05,
    6.501344202803417e-05,
    6.104049696179452e-05,
    5.70189173657732e-05,
    5.2981082634226854e-05,
    4.895950303820553e-05,
    4.498655797196587e-05,
    4.1094235253127386e-05,
    3.7313873575573465e-05
  ]
}